model,folder,dataset,accuracy,acc_pos,acc_neg,acc_pos_label,acc_neg_label
roberta-large-sst2,aux_not,sentence_not_0_aux,0.8142857142857143,0.6944444444444444,0.9411764705882352,0.6944444444444444,0.9411764705882352
roberta-large-sst2,aux_not,sentence_not_1_aux,0.7285714285714285,0.9166666666666666,0.5294117647058824,0.5294117647058824,0.9166666666666666
roberta-large-sst2,not_start,sentence_not_beginning_not,0.1,0.1764705882352941,0.0277777777777777,0.0277777777777777,0.1764705882352941
roberta-large-sst2,base,sentence_not_3,0.4,0.4166666666666667,0.3823529411764705,0.3823529411764705,0.4166666666666667
roberta-large-sst2,base,sentence_not_2,0.1142857142857142,0.1111111111111111,0.1176470588235294,0.1111111111111111,0.1176470588235294
roberta-large-sst2,base,sentence_not_1,0.9571428571428572,0.9722222222222222,0.9411764705882352,0.9411764705882352,0.9722222222222222
roberta-large-sst2,base,sentence_not_0,1.0,1.0,1.0,1.0,1.0
roberta-large-sst2,contraction,sentence_not_1_contraction,0.9285714285714286,0.9722222222222222,0.8823529411764706,0.8823529411764706,0.9722222222222222
roberta-large-sst2,contraction,sentence_not_2_contraction,0.8571428571428571,0.8888888888888888,0.8235294117647058,0.8888888888888888,0.8235294117647058
